turbine_id,timestamp,power_output_min,power_output_max,power_output_average,power_output_std,start_timeframe,end_timeframe,freq,std_dev,std_dev_start,std_dev_end
1,2022-03-01,1.6,4.4,2.975,0.9208927615422274,2022-03-01,2022-03-01 23:00:00,24h,2,1.1332144769155452,4.816785523084455
1,2022-03-02,1.9,4.5,3.2375000000000003,0.8090856352805872,2022-03-02,2022-03-02 23:00:00,24h,2,1.6193287294388259,4.855671270561174
1,2022-03-03,1.6,4.4,2.9250000000000003,0.8321005374038801,2022-03-03,2022-03-03 23:00:00,24h,2,1.26079892519224,4.589201074807761
1,2022-03-04,1.5,4.4,2.9875000000000003,1.0318040343095154,2022-03-04,2022-03-04 23:00:00,24h,2,0.9238919313809695,5.0511080686190315
1,2022-03-05,1.6,4.3,3.2458333333333336,0.7150428182172436,2022-03-05,2022-03-05 23:00:00,24h,2,1.8157476968988464,4.675918969767821
1,2022-03-06,1.5,4.4,2.9583333333333335,0.9245053514866944,2022-03-06,2022-03-06 23:00:00,24h,2,1.1093226303599446,4.807344036306723
1,2022-03-07,1.9,4.3,3.283333333333333,0.7556550090839226,2022-03-07,2022-03-07 23:00:00,24h,2,1.772023315165488,4.794643351501178
1,2022-03-08,1.7,4.5,3.2916666666666665,0.8314035626926138,2022-03-08,2022-03-08 23:00:00,24h,2,1.6288595412814388,4.954473792051894
1,2022-03-09,1.5,4.5,2.8375,1.0064196116842163,2022-03-09,2022-03-09 23:00:00,24h,2,0.8246607766315672,4.850339223368433
1,2022-03-10,1.7,4.3,3.1208333333333336,0.8054052000278394,2022-03-10,2022-03-10 23:00:00,24h,2,1.5100229332776547,4.731643733389013
1,2022-03-11,1.5,4.4,2.575,0.779771426932835,2022-03-11,2022-03-11 23:00:00,24h,2,1.0154571461343302,4.13454285386567
1,2022-03-12,1.6,4.2,2.8208333333333333,0.9357532035590446,2022-03-12,2022-03-12 23:00:00,24h,2,0.9493269262152442,4.692339740451422
1,2022-03-13,1.5,4.5,2.904166666666667,0.9424663143174872,2022-03-13,2022-03-13 23:00:00,24h,2,1.0192340380316924,4.789099295301641
1,2022-03-14,1.6,4.3,3.025,0.9147344589741783,2022-03-14,2022-03-14 23:00:00,24h,2,1.1955310820516434,4.854468917948356
1,2022-03-15,1.6,4.4,3.0124999999999997,0.8897056181437328,2022-03-15,2022-03-15 23:00:00,24h,2,1.233088763712534,4.791911236287465
1,2022-03-16,1.6,4.4,2.9791666666666665,0.8256639840109012,2022-03-16,2022-03-16 23:00:00,24h,2,1.327838698644864,4.6304946346884694
1,2022-03-17,1.6,4.4,3.0208333333333335,0.8382067642951501,2022-03-17,2022-03-17 23:00:00,24h,2,1.3444198047430334,4.697246861923634
1,2022-03-18,1.6,4.5,3.1041666666666665,0.9119873982094016,2022-03-18,2022-03-18 23:00:00,24h,2,1.2801918702478634,4.92814146308547
1,2022-03-19,1.8,4.5,3.125,0.8247529274299958,2022-03-19,2022-03-19 23:00:00,24h,2,1.4754941451400083,4.774505854859992
1,2022-03-20,1.6,3.8,2.716666666666667,0.6824932977321281,2022-03-20,2022-03-20 23:00:00,24h,2,1.3516800712024106,4.0816532621309225
1,2022-03-21,1.7,4.4,3.15,0.7745966692414834,2022-03-21,2022-03-21 23:00:00,24h,2,1.600806661517033,4.699193338482967
1,2022-03-22,1.6,4.2,2.8125,0.8456088621969894,2022-03-22,2022-03-22 23:00:00,24h,2,1.1212822756060212,4.5037177243939785
1,2022-03-23,1.7,4.4,3.225,0.8989123863096279,2022-03-23,2022-03-23 23:00:00,24h,2,1.4271752273807443,5.022824772619256
1,2022-03-24,1.6,4.3,2.9791666666666665,0.8298659748609314,2022-03-24,2022-03-24 23:00:00,24h,2,1.3194347169448037,4.638898616388529
1,2022-03-25,1.5,4.4,3.066666666666667,0.8646017764751921,2022-03-25,2022-03-25 23:00:00,24h,2,1.3374631137162827,4.795870219617051
1,2022-03-26,1.5,4.5,2.8166666666666664,0.8354465958352776,2022-03-26,2022-03-26 23:00:00,24h,2,1.1457734749961113,4.487559858337222
1,2022-03-27,1.7,4.4,3.1,0.9221902095602055,2022-03-27,2022-03-27 23:00:00,24h,2,1.2556195808795891,4.944380419120411
1,2022-03-28,1.6,4.5,3.0749999999999997,0.882806788650244,2022-03-28,2022-03-28 23:00:00,24h,2,1.3093864226995118,4.840613577300488
1,2022-03-29,1.5,4.5,3.1291666666666664,0.8110536178419357,2022-03-29,2022-03-29 23:00:00,24h,2,1.507059430982795,4.751273902350538
1,2022-03-30,1.5,4.4,3.0500000000000003,0.9031346377551042,2022-03-30,2022-03-30 23:00:00,24h,2,1.243730724489792,4.856269275510209
1,2022-03-31,1.6,4.3,2.9583333333333335,0.7706105240068714,2022-03-31,2022-03-31 23:00:00,24h,2,1.4171122853195908,4.499554381347076
2,2022-03-01,1.6,4.4,2.983333333333333,0.9805351984311009,2022-03-01,2022-03-01 23:00:00,24h,2,1.022262936471131,4.944403730195535
2,2022-03-02,1.6,4.2,2.466666666666667,0.7545033878776428,2022-03-02,2022-03-02 23:00:00,24h,2,0.9576598909113812,3.9756734424219524
2,2022-03-03,1.5,4.5,3.158333333333333,0.9868336129815122,2022-03-03,2022-03-03 23:00:00,24h,2,1.1846661073703089,5.132000559296357
2,2022-03-04,1.7,4.4,3.0083333333333333,0.7638100530246047,2022-03-04,2022-03-04 23:00:00,24h,2,1.480713227284124,4.535953439382543
2,2022-03-05,1.6,4.5,3.1041666666666665,0.9697508271028524,2022-03-05,2022-03-05 23:00:00,24h,2,1.1646650124609617,5.043668320872372
2,2022-03-06,1.7,4.3,3.1374999999999997,0.8381203088900263,2022-03-06,2022-03-06 23:00:00,24h,2,1.4612593822199471,4.813740617780052
2,2022-03-07,1.7,4.4,3.0,0.7790741439292735,2022-03-07,2022-03-07 23:00:00,24h,2,1.441851712141453,4.558148287858547
2,2022-03-08,1.6,4.4,3.079166666666667,1.0064916106549724,2022-03-08,2022-03-08 23:00:00,24h,2,1.0661834453567223,5.092149887976612
2,2022-03-09,1.5,4.4,2.9625,0.8463797585316971,2022-03-09,2022-03-09 23:00:00,24h,2,1.2697404829366057,4.655259517063394
2,2022-03-10,1.6,4.5,2.8166666666666664,0.9229756540510775,2022-03-10,2022-03-10 23:00:00,24h,2,0.9707153585645114,4.662617974768821
2,2022-03-11,1.6,4.4,3.0749999999999997,0.9478809317997515,2022-03-11,2022-03-11 23:00:00,24h,2,1.1792381364004967,4.970761863599503
2,2022-03-12,1.6,4.5,3.0208333333333335,0.9141302193730466,2022-03-12,2022-03-12 23:00:00,24h,2,1.1925728945872403,4.849093772079427
2,2022-03-13,2.0,4.3,3.0375,0.6716705325885794,2022-03-13,2022-03-13 23:00:00,24h,2,1.6941589348228412,4.380841065177159
2,2022-03-14,1.5,4.1,3.016666666666667,0.8111541249927499,2022-03-14,2022-03-14 23:00:00,24h,2,1.3943584166811673,4.638974916652167
2,2022-03-15,1.5,4.5,3.1125000000000003,0.8573531056840507,2022-03-15,2022-03-15 23:00:00,24h,2,1.397793788631899,4.827206211368102
2,2022-03-16,1.9,4.3,3.0625,0.6439095939783716,2022-03-16,2022-03-16 23:00:00,24h,2,1.774680812043257,4.350319187956743
2,2022-03-17,1.5,4.5,2.875,1.0001086897454434,2022-03-17,2022-03-17 23:00:00,24h,2,0.8747826205091132,4.875217379490887
2,2022-03-18,1.5,4.3,2.7375000000000003,0.831349086935101,2022-03-18,2022-03-18 23:00:00,24h,2,1.0748018261297982,4.400198173870202
2,2022-03-19,1.5,4.4,2.7875,0.9887684478573642,2022-03-19,2022-03-19 23:00:00,24h,2,0.8099631042852717,4.765036895714728
2,2022-03-20,1.7,4.5,2.7125,0.9335823943051419,2022-03-20,2022-03-20 23:00:00,24h,2,0.8453352113897161,4.579664788610284
2,2022-03-21,1.7,4.4,3.158333333333333,0.9016490528430415,2022-03-21,2022-03-21 23:00:00,24h,2,1.3550352276472502,4.961631439019416
2,2022-03-22,1.6,4.5,2.920833333333333,0.7835144718103373,2022-03-22,2022-03-22 23:00:00,24h,2,1.3538043897126584,4.487862276954008
2,2022-03-23,1.5,4.3,2.966666666666667,0.8286535263104036,2022-03-23,2022-03-23 23:00:00,24h,2,1.3093596140458597,4.6239737192874735
2,2022-03-24,1.6,4.4,3.158333333333333,0.8474599729763651,2022-03-24,2022-03-24 23:00:00,24h,2,1.463413387380603,4.853253279286063
2,2022-03-25,1.6,4.3,2.725,0.7957768968531427,2022-03-25,2022-03-25 23:00:00,24h,2,1.1334462062937147,4.3165537937062854
2,2022-03-26,1.5,4.5,2.9875000000000003,1.036009274761237,2022-03-26,2022-03-26 23:00:00,24h,2,0.9154814504775262,5.059518549522474
2,2022-03-27,1.5,4.4,3.2416666666666667,1.0312156889329454,2022-03-27,2022-03-27 23:00:00,24h,2,1.179235288800776,5.304098044532557
2,2022-03-28,1.6,4.5,2.858333333333333,0.8139632865701364,2022-03-28,2022-03-28 23:00:00,24h,2,1.2304067601930602,4.486259906473606
2,2022-03-29,1.5,4.3,3.0416666666666665,0.8069893952574413,2022-03-29,2022-03-29 23:00:00,24h,2,1.427687876151784,4.655645457181549
2,2022-03-30,1.7,4.4,3.0500000000000003,0.9564426844801794,2022-03-30,2022-03-30 23:00:00,24h,2,1.1371146310396414,4.962885368960359
2,2022-03-31,1.6,4.4,3.2291666666666665,0.7123013325874079,2022-03-31,2022-03-31 23:00:00,24h,2,1.8045640014918507,4.653769331841483
3,2022-03-01,1.6,4.5,2.766666666666667,0.8854704800356095,2022-03-01,2022-03-01 23:00:00,24h,2,0.9957257065954481,4.537607626737886
3,2022-03-02,1.6,4.4,2.9791666666666665,0.8428621872326856,2022-03-02,2022-03-02 23:00:00,24h,2,1.2934422922012954,4.664891041132037
3,2022-03-03,1.8,4.4,3.2541666666666664,0.6691845567662876,2022-03-03,2022-03-03 23:00:00,24h,2,1.9157975531340912,4.592535780199242
3,2022-03-04,1.6,4.2,2.8791666666666664,0.8592105409171773,2022-03-04,2022-03-04 23:00:00,24h,2,1.1607455848323118,4.597587748501021
3,2022-03-05,1.6,4.5,2.620833333333333,0.8214404986081603,2022-03-05,2022-03-05 23:00:00,24h,2,0.9779523361170126,4.263714330549654
3,2022-03-06,1.7,4.4,3.3000000000000003,0.8048764420434492,2022-03-06,2022-03-06 23:00:00,24h,2,1.6902471159131018,4.909752884086899
3,2022-03-07,1.5,4.3,2.8083333333333336,0.9088533945327062,2022-03-07,2022-03-07 23:00:00,24h,2,0.9906265442679212,4.626040122398746
3,2022-03-08,1.7,4.4,3.3833333333333333,0.8478446672062903,2022-03-08,2022-03-08 23:00:00,24h,2,1.6876439989207528,5.079022667745914
3,2022-03-09,1.5,4.4,3.0,0.987751068798735,2022-03-09,2022-03-09 23:00:00,24h,2,1.02449786240253,4.97550213759747
3,2022-03-10,1.7,4.5,3.1875,0.7725240955859369,2022-03-10,2022-03-10 23:00:00,24h,2,1.6424518088281261,4.732548191171874
3,2022-03-11,1.6,4.4,3.0250000000000004,0.803389558438928,2022-03-11,2022-03-11 23:00:00,24h,2,1.4182208831221443,4.631779116877857
3,2022-03-12,1.6,4.3,3.0708333333333333,0.7624212955342066,2022-03-12,2022-03-12 23:00:00,24h,2,1.5459907422649202,4.595675924401746
3,2022-03-13,1.6,4.4,2.9791666666666665,0.9188741535949999,2022-03-13,2022-03-13 23:00:00,24h,2,1.1414183594766667,4.816914973856666
3,2022-03-14,1.6,3.9,2.8083333333333336,0.7288565593160089,2022-03-14,2022-03-14 23:00:00,24h,2,1.3506202147013158,4.266046451965352
3,2022-03-15,1.7,4.5,3.033333333333333,1.0037610432189814,2022-03-15,2022-03-15 23:00:00,24h,2,1.0258112468953704,5.040855419771296
3,2022-03-16,1.8,4.3,2.904166666666667,0.7030858483463646,2022-03-16,2022-03-16 23:00:00,24h,2,1.4979949699739377,4.310338363359396
3,2022-03-17,1.5,4.4,3.25,0.8387361091961915,2022-03-17,2022-03-17 23:00:00,24h,2,1.572527781607617,4.927472218392383
3,2022-03-18,1.5,4.5,2.8958333333333335,0.9308617637374551,2022-03-18,2022-03-18 23:00:00,24h,2,1.0341098058584233,4.7575568608082435
3,2022-03-19,1.8,4.5,3.1291666666666664,0.8759983952073185,2022-03-19,2022-03-19 23:00:00,24h,2,1.3771698762520295,4.881163457081303
3,2022-03-20,1.7,4.5,2.9583333333333335,0.921679311704016,2022-03-20,2022-03-20 23:00:00,24h,2,1.1149747099253016,4.801691956741365
3,2022-03-21,1.5,4.4,3.341666666666667,0.8581662282811638,2022-03-21,2022-03-21 23:00:00,24h,2,1.625334210104339,5.057999123228995
3,2022-03-22,1.6,4.5,2.983333333333333,0.9257977366981204,2022-03-22,2022-03-22 23:00:00,24h,2,1.1317378599370922,4.8349288067295735
3,2022-03-23,1.5,4.2,2.795833333333333,0.8384660770232988,2022-03-23,2022-03-23 23:00:00,24h,2,1.1189011792867354,4.472765487379931
3,2022-03-24,1.9,4.4,3.158333333333333,0.8360968670043518,2022-03-24,2022-03-24 23:00:00,24h,2,1.4861395993246296,4.830527067342037
3,2022-03-25,1.8,4.5,3.0375,0.8601377543868999,2022-03-25,2022-03-25 23:00:00,24h,2,1.3172244912262003,4.7577755087738
3,2022-03-26,1.6,4.4,2.733333333333333,1.0076518837577686,2022-03-26,2022-03-26 23:00:00,24h,2,0.7180295658177958,4.74863710084887
3,2022-03-27,1.6,4.4,2.8375,0.8015270751346538,2022-03-27,2022-03-27 23:00:00,24h,2,1.2344458497306923,4.440554150269308
3,2022-03-28,1.6,4.2,2.6875,0.8045049787723909,2022-03-28,2022-03-28 23:00:00,24h,2,1.0784900424552182,4.296509957544782
3,2022-03-29,1.7,4.4,2.904166666666667,0.8002603742949331,2022-03-29,2022-03-29 23:00:00,24h,2,1.3036459180768005,4.504687415256533
3,2022-03-30,1.6,4.5,2.7875,0.8950649721376802,2022-03-30,2022-03-30 23:00:00,24h,2,0.9973700557246397,4.57762994427536
3,2022-03-31,1.5,4.3,2.8791666666666664,0.9623247064165559,2022-03-31,2022-03-31 23:00:00,24h,2,0.9545172538335547,4.803816079499779
4,2022-03-01,1.5,4.4,3.0208333333333335,0.8454374564411157,2022-03-01,2022-03-01 23:00:00,24h,2,1.3299584204511021,4.711708246215565
4,2022-03-02,1.5,4.2,3.108333333333333,0.9273227788811639,2022-03-02,2022-03-02 23:00:00,24h,2,1.2536877755710052,4.962978891095661
4,2022-03-03,1.8,4.3,3.0500000000000003,0.7604346583140575,2022-03-03,2022-03-03 23:00:00,24h,2,1.5291306833718852,4.570869316628116
4,2022-03-04,1.5,4.5,2.9499999999999997,0.9833394743114559,2022-03-04,2022-03-04 23:00:00,24h,2,0.983321051377088,4.916678948622911
4,2022-03-05,1.7,4.5,2.8375,0.7394548520774407,2022-03-05,2022-03-05 23:00:00,24h,2,1.3585902958451186,4.316409704154881
4,2022-03-06,1.6,4.5,3.216666666666667,0.9411679454004346,2022-03-06,2022-03-06 23:00:00,24h,2,1.3343307758657976,5.099002557467536
4,2022-03-07,1.5,4.4,2.9791666666666665,0.9820029074014636,2022-03-07,2022-03-07 23:00:00,24h,2,1.0151608518637394,4.943172481469594
4,2022-03-08,1.5,4.5,2.8541666666666665,1.0168062389345534,2022-03-08,2022-03-08 23:00:00,24h,2,0.8205541887975598,4.887779144535774
4,2022-03-09,1.8,4.4,2.8666666666666667,0.7263168949460407,2022-03-09,2022-03-09 23:00:00,24h,2,1.4140328767745853,4.319300456558748
4,2022-03-10,1.9,4.4,3.1875,0.7164601994467692,2022-03-10,2022-03-10 23:00:00,24h,2,1.7545796011064616,4.620420398893538
4,2022-03-11,1.5,4.3,2.4791666666666665,0.7300858595527245,2022-03-11,2022-03-11 23:00:00,24h,2,1.0189949475612174,3.939338385772116
4,2022-03-12,1.5,4.5,2.891666666666667,0.9319995645952829,2022-03-12,2022-03-12 23:00:00,24h,2,1.0276675374761013,4.755665795857233
4,2022-03-13,1.5,4.5,2.920833333333333,1.1092414825756685,2022-03-13,2022-03-13 23:00:00,24h,2,0.702350368181996,5.13931629848467
4,2022-03-14,1.6,4.5,2.8541666666666665,0.9784544896957635,2022-03-14,2022-03-14 23:00:00,24h,2,0.8972576872751394,4.811075646058193
4,2022-03-15,1.5,4.5,3.045833333333333,0.8717693984408784,2022-03-15,2022-03-15 23:00:00,24h,2,1.3022945364515761,4.78937213021509
4,2022-03-16,1.6,4.4,2.8708333333333336,0.8142636933566673,2022-03-16,2022-03-16 23:00:00,24h,2,1.242305946619999,4.499360720046668
4,2022-03-17,1.8,4.5,2.9875000000000003,0.8093542783145629,2022-03-17,2022-03-17 23:00:00,24h,2,1.3687914433708745,4.6062085566291255
4,2022-03-18,1.6,4.5,2.954166666666667,0.9753390343280933,2022-03-18,2022-03-18 23:00:00,24h,2,1.0034885980104804,4.904844735322854
4,2022-03-19,1.5,4.4,2.7583333333333333,0.955495167173939,2022-03-19,2022-03-19 23:00:00,24h,2,0.8473429989854553,4.669323667681211
4,2022-03-20,1.6,4.2,2.504166666666667,0.75841893130533,2022-03-20,2022-03-20 23:00:00,24h,2,0.9873288040560069,4.021004529277327
4,2022-03-21,1.6,4.5,2.9499999999999997,0.8782393454099441,2022-03-21,2022-03-21 23:00:00,24h,2,1.1935213091801116,4.706478690819888
4,2022-03-22,1.9,4.5,3.2125,0.8614005279573592,2022-03-22,2022-03-22 23:00:00,24h,2,1.4896989440852815,4.935301055914718
4,2022-03-23,1.8,4.5,3.3166666666666664,0.7970961791657138,2022-03-23,2022-03-23 23:00:00,24h,2,1.7224743083352387,4.910859024998095
4,2022-03-24,1.6,4.5,3.025,0.9763507922694677,2022-03-24,2022-03-24 23:00:00,24h,2,1.0722984154610644,4.977701584538935
4,2022-03-25,1.7,4.3,3.2708333333333335,0.7664027586105083,2022-03-25,2022-03-25 23:00:00,24h,2,1.7380278161123168,4.80363885055435
4,2022-03-26,1.5,4.4,2.470833333333333,0.8400202723571703,2022-03-26,2022-03-26 23:00:00,24h,2,0.7907927886189927,4.1508738780476735
4,2022-03-27,1.6,4.5,2.9499999999999997,0.8314471407287939,2022-03-27,2022-03-27 23:00:00,24h,2,1.287105718542412,4.612894281457588
4,2022-03-28,1.6,4.4,2.8375,0.9774912431499234,2022-03-28,2022-03-28 23:00:00,24h,2,0.8825175137001531,4.792482486299846
4,2022-03-29,1.6,4.2,2.8249999999999997,0.8044712008788619,2022-03-29,2022-03-29 23:00:00,24h,2,1.2160575982422759,4.433942401757724
4,2022-03-30,1.6,4.4,3.108333333333333,0.9431292348470535,2022-03-30,2022-03-30 23:00:00,24h,2,1.222074863639226,4.99459180302744
4,2022-03-31,1.7,4.4,3.033333333333333,0.8937788203521859,2022-03-31,2022-03-31 23:00:00,24h,2,1.2457756926289614,4.820890974037705
5,2022-03-01,1.7,4.5,3.079166666666667,0.7655513311200695,2022-03-01,2022-03-01 23:00:00,24h,2,1.5480640044265281,4.610269328906806
5,2022-03-02,1.9,4.4,3.25,0.7972779778176764,2022-03-02,2022-03-02 23:00:00,24h,2,1.6554440443646472,4.844555955635353
5,2022-03-03,1.6,4.3,2.9416666666666664,0.758096395537887,2022-03-03,2022-03-03 23:00:00,24h,2,1.4254738755908924,4.45785945774244
5,2022-03-04,1.5,4.3,3.0416666666666665,0.9324659530638039,2022-03-04,2022-03-04 23:00:00,24h,2,1.1767347605390588,4.906598572794274
5,2022-03-05,1.6,4.4,3.0041666666666664,0.9317954462344128,2022-03-05,2022-03-05 23:00:00,24h,2,1.1405757741978408,4.867757559135492
5,2022-03-06,1.5,4.4,3.0083333333333333,0.87671157652092,2022-03-06,2022-03-06 23:00:00,24h,2,1.2549101802914933,4.761756486375173
5,2022-03-07,1.6,4.2,2.9125,0.9502002077365637,2022-03-07,2022-03-07 23:00:00,24h,2,1.0120995845268728,4.812900415473127
5,2022-03-08,2.1,4.5,3.279166666666667,0.7661190545842739,2022-03-08,2022-03-08 23:00:00,24h,2,1.746928557498119,4.811404775835214
5,2022-03-09,1.7,4.4,3.0666666666666664,0.8962077916404774,2022-03-09,2022-03-09 23:00:00,24h,2,1.2742510833857117,4.859082249947621
5,2022-03-10,1.5,4.4,2.829166666666667,0.8650102621490616,2022-03-10,2022-03-10 23:00:00,24h,2,1.0991461423685438,4.55918719096479
5,2022-03-11,1.5,4.4,2.975,0.8362701872522759,2022-03-11,2022-03-11 23:00:00,24h,2,1.3024596254954484,4.647540374504552
5,2022-03-12,1.5,4.1,2.875,0.8162746767026935,2022-03-12,2022-03-12 23:00:00,24h,2,1.242450646594613,4.507549353405387
5,2022-03-13,1.5,4.5,2.983333333333333,0.9635381658769149,2022-03-13,2022-03-13 23:00:00,24h,2,1.0562570015795032,4.910409665087163
5,2022-03-14,1.6,4.5,2.9916666666666667,0.9352593998070997,2022-03-14,2022-03-14 23:00:00,24h,2,1.1211478670524673,4.862185466280867
5,2022-03-15,1.5,4.5,2.8874999999999997,0.9515719260438398,2022-03-15,2022-03-15 23:00:00,24h,2,0.9843561479123202,4.79064385208768
5,2022-03-16,1.8,4.3,3.0833333333333335,0.7833410422069029,2022-03-16,2022-03-16 23:00:00,24h,2,1.5166512489195276,4.65001541774714
5,2022-03-17,1.6,4.4,2.9125,0.9373007034541542,2022-03-17,2022-03-17 23:00:00,24h,2,1.0378985930916917,4.787101406908309
5,2022-03-18,1.5,4.2,2.908333333333333,0.8672378274010899,2022-03-18,2022-03-18 23:00:00,24h,2,1.1738576785311534,4.6428089881355135
5,2022-03-19,2.1,4.5,3.2416666666666667,0.7873547715178235,2022-03-19,2022-03-19 23:00:00,24h,2,1.6669571236310197,4.816376209702314
5,2022-03-20,1.7,4.4,3.233333333333333,0.8765875866685824,2022-03-20,2022-03-20 23:00:00,24h,2,1.4801581599961682,4.986508506670498
5,2022-03-21,1.6,4.2,2.720833333333333,0.8086376985623609,2022-03-21,2022-03-21 23:00:00,24h,2,1.1035579362086114,4.338108730458055
5,2022-03-22,1.8,4.4,2.829166666666667,0.8705216660224446,2022-03-22,2022-03-22 23:00:00,24h,2,1.0881233346217778,4.570209998711556
5,2022-03-23,1.6,4.5,2.9333333333333336,0.963538165876915,2022-03-23,2022-03-23 23:00:00,24h,2,1.0062570015795036,4.860409665087164
5,2022-03-24,1.5,4.3,3.2083333333333335,0.857152346393298,2022-03-24,2022-03-24 23:00:00,24h,2,1.4940286405467376,4.922638026119929
5,2022-03-25,1.9,4.5,3.158333333333333,0.9591285295683182,2022-03-25,2022-03-25 23:00:00,24h,2,1.2400762741966969,5.07659039246997
5,2022-03-26,1.6,4.1,2.9875000000000003,0.7848082014374457,2022-03-26,2022-03-26 23:00:00,24h,2,1.417883597125109,4.557116402874891
5,2022-03-27,1.6,4.5,3.0041666666666664,0.8730153475749718,2022-03-27,2022-03-27 23:00:00,24h,2,1.2581359715167229,4.7501973618166105
5,2022-03-28,1.6,4.5,3.0041666666666664,0.8975711993881125,2022-03-28,2022-03-28 23:00:00,24h,2,1.2090242678904415,4.799309065442891
5,2022-03-29,1.6,4.3,3.233333333333333,0.8539762071151867,2022-03-29,2022-03-29 23:00:00,24h,2,1.5253809191029595,4.941285747563707
5,2022-03-30,1.5,4.5,2.9916666666666667,0.9491033144232905,2022-03-30,2022-03-30 23:00:00,24h,2,1.0934600378200856,4.889873295513247
5,2022-03-31,1.5,4.2,2.9375,0.8641721346241557,2022-03-31,2022-03-31 23:00:00,24h,2,1.2091557307516887,4.6658442692483115
6,2022-03-01,1.5,4.5,2.908333333333333,0.9739728889480431,2022-03-01,2022-03-01 23:00:00,24h,2,0.960387555437247,4.856279111229419
6,2022-03-02,1.5,4.5,3.0541666666666667,1.0129505617648427,2022-03-02,2022-03-02 23:00:00,24h,2,1.0282655431369814,5.0800677901963525
6,2022-03-03,1.5,4.3,3.1833333333333336,0.9220330403712395,2022-03-03,2022-03-03 23:00:00,24h,2,1.3392672525908547,5.027399414075813
6,2022-03-04,1.8,4.5,3.1666666666666665,0.8726106092423578,2022-03-04,2022-03-04 23:00:00,24h,2,1.421445448181951,4.911887885151382
6,2022-03-05,1.6,4.4,3.091666666666667,0.8355766905539559,2022-03-05,2022-03-05 23:00:00,24h,2,1.420513285558755,4.762820047774579
6,2022-03-06,1.6,4.1,2.966666666666667,0.7642368553102452,2022-03-06,2022-03-06 23:00:00,24h,2,1.4381929560461764,4.495140377287157
6,2022-03-07,1.9,4.4,3.0083333333333333,0.7683503880656141,2022-03-07,2022-03-07 23:00:00,24h,2,1.4716325572021052,4.545034109464561
6,2022-03-08,1.5,4.5,2.9,0.9188840112260941,2022-03-08,2022-03-08 23:00:00,24h,2,1.0622319775478117,4.7377680224521885
6,2022-03-09,1.5,4.5,2.816666666666667,0.9787599371106042,2022-03-09,2022-03-09 23:00:00,24h,2,0.8591467924454586,4.774186540887875
6,2022-03-10,1.5,4.4,2.6791666666666667,0.8402790254312612,2022-03-10,2022-03-10 23:00:00,24h,2,0.9986086158041443,4.359724717529189
6,2022-03-11,1.6,4.2,3.0583333333333336,0.7569484886653476,2022-03-11,2022-03-11 23:00:00,24h,2,1.5444363560026384,4.572230310664029
6,2022-03-12,1.5,4.4,3.0208333333333335,0.9390000077171211,2022-03-12,2022-03-12 23:00:00,24h,2,1.1428333178990913,4.8988333487675755
6,2022-03-13,1.5,4.2,2.908333333333333,0.8958438657958527,2022-03-13,2022-03-13 23:00:00,24h,2,1.1166456017416277,4.700021064925039
6,2022-03-14,1.7,4.4,3.2416666666666667,0.7131782304626223,2022-03-14,2022-03-14 23:00:00,24h,2,1.815310205741422,4.668023127591911
6,2022-03-15,1.9,4.5,3.170833333333334,0.7018479747852414,2022-03-15,2022-03-15 23:00:00,24h,2,1.767137383762851,4.574529282903817
6,2022-03-16,1.6,4.5,2.875,0.8837912403513284,2022-03-16,2022-03-16 23:00:00,24h,2,1.1074175192973432,4.642582480702657
6,2022-03-17,1.5,4.4,2.6666666666666665,0.9933109617167561,2022-03-17,2022-03-17 23:00:00,24h,2,0.6800447432331542,4.653288590100178
6,2022-03-18,1.5,4.3,3.095833333333333,0.8725171814262788,2022-03-18,2022-03-18 23:00:00,24h,2,1.3507989704807757,4.8408676961858905
6,2022-03-19,1.6,4.1,2.65,0.8350995775042794,2022-03-19,2022-03-19 23:00:00,24h,2,0.979800844991441,4.3201991550085586
6,2022-03-20,1.6,4.4,2.6999999999999997,0.8288284030721501,2022-03-20,2022-03-20 23:00:00,24h,2,1.0423431938556995,4.3576568061443
6,2022-03-21,1.6,4.3,2.8375,0.8894612438705948,2022-03-21,2022-03-21 23:00:00,24h,2,1.0585775122588104,4.61642248774119
6,2022-03-22,1.7,4.3,3.1666666666666665,0.7446427019874621,2022-03-22,2022-03-22 23:00:00,24h,2,1.6773812626917424,4.6559520706415904
6,2022-03-23,1.5,4.5,3.2916666666666665,0.927322778881164,2022-03-23,2022-03-23 23:00:00,24h,2,1.4370211089043385,5.1463122244289945
6,2022-03-24,1.6,4.5,3.25,0.8256749544674239,2022-03-24,2022-03-24 23:00:00,24h,2,1.5986500910651522,4.901349908934848
6,2022-03-25,1.7,4.4,3.079166666666667,0.8816876932371218,2022-03-25,2022-03-25 23:00:00,24h,2,1.3157912801924234,4.84254205314091
6,2022-03-26,1.7,4.5,3.0124999999999997,0.9506576670915772,2022-03-26,2022-03-26 23:00:00,24h,2,1.1111846658168454,4.913815334183154
6,2022-03-27,1.6,4.5,3.1625,0.8786414909194861,2022-03-27,2022-03-27 23:00:00,24h,2,1.405217018161028,4.9197829818389724
6,2022-03-28,1.5,4.3,2.9375,0.8176384339643362,2022-03-28,2022-03-28 23:00:00,24h,2,1.3022231320713276,4.572776867928672
6,2022-03-29,1.6,4.5,2.9125,0.9270394672898472,2022-03-29,2022-03-29 23:00:00,24h,2,1.0584210654203057,4.7665789345796945
6,2022-03-30,1.6,4.5,2.954166666666667,1.0529375747079615,2022-03-30,2022-03-30 23:00:00,24h,2,0.8482915172507441,5.06004181608259
6,2022-03-31,1.6,4.0,2.733333333333333,0.7316845760575931,2022-03-31,2022-03-31 23:00:00,24h,2,1.2699641812181468,4.196702485448519
7,2022-03-01,1.6,4.5,3.0875,0.9345133585943564,2022-03-01,2022-03-01 23:00:00,24h,2,1.2184732828112872,4.956526717188712
7,2022-03-02,1.6,4.3,3.0208333333333335,1.0082180434749248,2022-03-02,2022-03-02 23:00:00,24h,2,1.0043972463834838,5.037269420283183
7,2022-03-03,1.9,4.4,3.1999999999999997,0.744253346299673,2022-03-03,2022-03-03 23:00:00,24h,2,1.7114933074006538,4.688506692599345
7,2022-03-04,1.5,4.3,3.0083333333333333,0.7862495823827835,2022-03-04,2022-03-04 23:00:00,24h,2,1.4358341685677662,4.5808324980989
7,2022-03-05,1.7,4.5,2.704166666666667,0.8834119461874322,2022-03-05,2022-03-05 23:00:00,24h,2,0.9373427742918026,4.470990559041532
7,2022-03-06,1.6,4.4,2.920833333333333,0.855152753538254,2022-03-06,2022-03-06 23:00:00,24h,2,1.2105278262568249,4.631138840409841
7,2022-03-07,1.6,4.5,3.266666666666667,0.9318829310065986,2022-03-07,2022-03-07 23:00:00,24h,2,1.40290080465347,5.130432528679864
7,2022-03-08,1.8,4.4,2.9583333333333335,0.8360968670043518,2022-03-08,2022-03-08 23:00:00,24h,2,1.2861395993246298,4.630527067342037
7,2022-03-09,1.5,4.1,2.85,0.8632597472976182,2022-03-09,2022-03-09 23:00:00,24h,2,1.1234805054047636,4.576519494595237
7,2022-03-10,1.7,4.3,3.025,0.8378284560332924,2022-03-10,2022-03-10 23:00:00,24h,2,1.3493430879334152,4.700656912066584
7,2022-03-11,1.6,4.5,3.1791666666666667,0.946379447141058,2022-03-11,2022-03-11 23:00:00,24h,2,1.2864077723845506,5.071925560948783
7,2022-03-12,1.6,4.4,2.908333333333333,0.9412834284919837,2022-03-12,2022-03-12 23:00:00,24h,2,1.025766476349366,4.7909001903173
7,2022-03-13,1.6,4.5,2.725,0.8724029782856884,2022-03-13,2022-03-13 23:00:00,24h,2,0.9801940434286234,4.469805956571377
7,2022-03-14,1.6,4.5,3.1208333333333336,1.010802163874194,2022-03-14,2022-03-14 23:00:00,24h,2,1.0992290055849456,5.142437661081722
7,2022-03-15,1.5,4.4,3.0749999999999997,0.9358790334318807,2022-03-15,2022-03-15 23:00:00,24h,2,1.2032419331362383,4.946758066863762
7,2022-03-16,1.6,4.5,3.1333333333333333,1.0378349817169212,2022-03-16,2022-03-16 23:00:00,24h,2,1.0576633698994908,5.209003296767175
7,2022-03-17,1.6,4.4,2.891666666666667,0.8702406796856317,2022-03-17,2022-03-17 23:00:00,24h,2,1.1511853072954037,4.63214802603793
7,2022-03-18,1.6,4.4,3.0208333333333335,0.856676676194836,2022-03-18,2022-03-18 23:00:00,24h,2,1.3074799809436615,4.734186685723006
7,2022-03-19,1.5,4.5,3.25,0.9609777629422883,2022-03-19,2022-03-19 23:00:00,24h,2,1.3280444741154234,5.171955525884576
7,2022-03-20,1.8,4.5,3.0041666666666664,0.8343074017289493,2022-03-20,2022-03-20 23:00:00,24h,2,1.3355518632087677,4.672781470124566
7,2022-03-21,1.6,4.4,2.9875000000000003,0.8352622602980818,2022-03-21,2022-03-21 23:00:00,24h,2,1.3169754794038366,4.658024520596164
7,2022-03-22,1.5,4.3,3.1333333333333333,0.8726106092423578,2022-03-22,2022-03-22 23:00:00,24h,2,1.3881121148486177,4.878554551818048
7,2022-03-23,1.5,4.4,2.704166666666667,0.8720187306856814,2022-03-23,2022-03-23 23:00:00,24h,2,0.9601292052953043,4.44820412803803
7,2022-03-24,1.5,4.4,2.75,0.9217186215930024,2022-03-24,2022-03-24 23:00:00,24h,2,0.9065627568139951,4.593437243186004
7,2022-03-25,1.9,4.4,3.225,0.8679060257684684,2022-03-25,2022-03-25 23:00:00,24h,2,1.4891879484630632,4.960812051536937
7,2022-03-26,1.6,4.3,3.204166666666666,0.8665168488121637,2022-03-26,2022-03-26 23:00:00,24h,2,1.4711329690423387,4.937200364290994
7,2022-03-27,1.5,4.4,2.983333333333333,0.830749617836946,2022-03-27,2022-03-27 23:00:00,24h,2,1.321834097659441,4.6448325690072245
7,2022-03-28,1.8,4.5,3.025,0.846090754716887,2022-03-28,2022-03-28 23:00:00,24h,2,1.332818490566226,4.7171815094337735
7,2022-03-29,1.5,4.4,3.0083333333333333,0.7210600087592461,2022-03-29,2022-03-29 23:00:00,24h,2,1.566213315814841,4.450453350851825
7,2022-03-30,1.8,4.4,3.2541666666666664,0.7678197063434067,2022-03-30,2022-03-30 23:00:00,24h,2,1.718527253979853,4.78980607935348
7,2022-03-31,1.6,4.3,2.766666666666667,0.792171844920064,2022-03-31,2022-03-31 23:00:00,24h,2,1.182322976826539,4.351010356506795
8,2022-03-01,1.6,4.4,3.016666666666667,0.8555022255792293,2022-03-01,2022-03-01 23:00:00,24h,2,1.3056622155082085,4.727671117825126
8,2022-03-02,1.7,4.4,2.845833333333333,0.9587034571965303,2022-03-02,2022-03-02 23:00:00,24h,2,0.9284264189402727,4.763240247726394
8,2022-03-03,1.6,4.5,3.0666666666666664,0.9332815720636632,2022-03-03,2022-03-03 23:00:00,24h,2,1.20010352253934,4.933229810793993
8,2022-03-04,1.5,4.1,2.529166666666667,0.696250308979194,2022-03-04,2022-03-04 23:00:00,24h,2,1.1366660487082787,3.921667284625055
8,2022-03-05,1.6,3.9,2.6333333333333333,0.7727233976497426,2022-03-05,2022-03-05 23:00:00,24h,2,1.087886538033848,4.178780128632819
8,2022-03-06,1.5,4.4,2.920833333333333,0.9064882870135463,2022-03-06,2022-03-06 23:00:00,24h,2,1.1078567593062403,4.733809907360426
8,2022-03-07,1.5,4.4,2.9375,1.02821605748479,2022-03-07,2022-03-07 23:00:00,24h,2,0.8810678850304199,4.99393211496958
8,2022-03-08,1.5,4.4,3.1999999999999997,0.9155658739627736,2022-03-08,2022-03-08 23:00:00,24h,2,1.3688682520744526,5.031131747925547
8,2022-03-09,1.5,4.4,2.841666666666667,0.9398966949093124,2022-03-09,2022-03-09 23:00:00,24h,2,0.961873276848042,4.7214600564852915
8,2022-03-10,1.6,4.4,3.2458333333333336,0.8905197147277766,2022-03-10,2022-03-10 23:00:00,24h,2,1.4647939038777804,5.026872762788887
8,2022-03-11,1.7,4.4,3.225,0.8872282192556085,2022-03-11,2022-03-11 23:00:00,24h,2,1.4505435614887832,4.999456438511217
8,2022-03-12,1.8,4.2,3.1166666666666667,0.7738479047656233,2022-03-12,2022-03-12 23:00:00,24h,2,1.5689708571354202,4.664362476197914
8,2022-03-13,1.5,4.5,3.095833333333333,1.0157366856093926,2022-03-13,2022-03-13 23:00:00,24h,2,1.064359962114548,5.127306704552119
8,2022-03-14,1.8,4.5,2.9375,0.8218814576535856,2022-03-14,2022-03-14 23:00:00,24h,2,1.2937370846928289,4.581262915307171
8,2022-03-15,1.6,4.5,3.170833333333333,0.9511910916075819,2022-03-15,2022-03-15 23:00:00,24h,2,1.2684511501181692,5.073215516548497
8,2022-03-16,2.2,4.5,3.2375000000000003,0.8009844486358781,2022-03-16,2022-03-16 23:00:00,24h,2,1.635531102728244,4.8394688972717566
8,2022-03-17,1.6,4.3,2.720833333333333,0.6672325496873777,2022-03-17,2022-03-17 23:00:00,24h,2,1.386368233958578,4.0552984327080885
8,2022-03-18,1.5,4.4,2.9166666666666665,1.0327955589886444,2022-03-18,2022-03-18 23:00:00,24h,2,0.8510755486893777,4.982257784643956
8,2022-03-19,1.5,4.5,2.845833333333333,0.9491319451347965,2022-03-19,2022-03-19 23:00:00,24h,2,0.9475694430637402,4.744097223602926
8,2022-03-20,1.6,4.4,3.125,0.9171079306830462,2022-03-20,2022-03-20 23:00:00,24h,2,1.2907841386339076,4.959215861366093
8,2022-03-21,1.5,4.1,2.7875,0.8614005279573592,2022-03-21,2022-03-21 23:00:00,24h,2,1.0646989440852817,4.510301055914718
8,2022-03-22,1.6,4.4,2.8249999999999997,0.879846824613585,2022-03-22,2022-03-22 23:00:00,24h,2,1.0653063507728298,4.5846936492271695
8,2022-03-23,1.6,4.5,3.1750000000000003,0.9705444460400207,2022-03-23,2022-03-23 23:00:00,24h,2,1.233911107919959,5.116088892080041
8,2022-03-24,1.5,4.3,2.9,0.877248663373906,2022-03-24,2022-03-24 23:00:00,24h,2,1.145502673252188,4.654497326747812
8,2022-03-25,1.5,4.2,3.0041666666666664,0.8147974763928959,2022-03-25,2022-03-25 23:00:00,24h,2,1.3745717138808746,4.633761619452458
8,2022-03-26,1.6,4.3,2.845833333333333,1.0138086461529576,2022-03-26,2022-03-26 23:00:00,24h,2,0.818216041027418,4.873450625639249
8,2022-03-27,1.6,4.1,2.954166666666667,0.682055184983091,2022-03-27,2022-03-27 23:00:00,24h,2,1.590056296700485,4.318277036632849
8,2022-03-28,1.6,4.4,3.0749999999999997,0.8357501186775657,2022-03-28,2022-03-28 23:00:00,24h,2,1.4034997626448684,4.746500237355131
8,2022-03-29,1.5,4.4,2.875,0.9437437013898653,2022-03-29,2022-03-29 23:00:00,24h,2,0.9875125972202694,4.762487402779731
8,2022-03-30,1.6,4.4,3.0625,0.850990471514632,2022-03-30,2022-03-30 23:00:00,24h,2,1.360519056970736,4.764480943029264
8,2022-03-31,1.7,4.4,3.3958333333333335,0.9630021746630676,2022-03-31,2022-03-31 23:00:00,24h,2,1.4698289840071983,5.321837682659469
9,2022-03-01,1.5,4.3,2.720833333333333,0.8722679916604542,2022-03-01,2022-03-01 23:00:00,24h,2,0.9762973500124248,4.465369316654241
9,2022-03-02,1.6,4.3,2.7375000000000003,0.939848507681586,2022-03-02,2022-03-02 23:00:00,24h,2,0.8578029846368282,4.617197015363172
9,2022-03-03,1.6,4.4,2.975,0.9056585401266571,2022-03-03,2022-03-03 23:00:00,24h,2,1.1636829197466858,4.786317080253315
9,2022-03-04,1.8,4.5,2.970833333333333,0.938305209762083,2022-03-04,2022-03-04 23:00:00,24h,2,1.0942229138091673,4.847443752857499
9,2022-03-05,1.5,4.5,3.091666666666667,0.8118238546719927,2022-03-05,2022-03-05 23:00:00,24h,2,1.4680189573226814,4.715314376010652
9,2022-03-06,1.6,4.4,3.0583333333333336,0.8732332058986636,2022-03-06,2022-03-06 23:00:00,24h,2,1.3118669215360064,4.80479974513066
9,2022-03-07,1.7,4.4,3.045833333333333,0.8166629695272717,2022-03-07,2022-03-07 23:00:00,24h,2,1.4125073942787896,4.679159272387876
9,2022-03-08,1.6,4.4,3.0500000000000003,0.9136643851522571,2022-03-08,2022-03-08 23:00:00,24h,2,1.222671229695486,4.877328770304515
9,2022-03-09,1.6,4.5,3.1125000000000003,0.9312509118758301,2022-03-09,2022-03-09 23:00:00,24h,2,1.24999817624834,4.9750018237516604
9,2022-03-10,1.5,4.3,2.9875000000000003,0.8012558078199603,2022-03-10,2022-03-10 23:00:00,24h,2,1.3849883843600796,4.590011615639921
9,2022-03-11,1.6,4.4,3.154166666666667,0.8059448501288878,2022-03-11,2022-03-11 23:00:00,24h,2,1.5422769664088911,4.766056366924443
9,2022-03-12,1.5,4.5,3.095833333333333,1.0280750973528645,2022-03-12,2022-03-12 23:00:00,24h,2,1.0396831386276042,5.151983528039063
9,2022-03-13,1.6,4.5,3.220833333333333,0.9231228504925274,2022-03-13,2022-03-13 23:00:00,24h,2,1.3745876323482784,5.067079034318388
9,2022-03-14,1.5,4.3,2.6833333333333336,0.8138297368489986,2022-03-14,2022-03-14 23:00:00,24h,2,1.0556738596353363,4.310992807031331
9,2022-03-15,1.7,4.5,3.470833333333333,0.8243464693011521,2022-03-15,2022-03-15 23:00:00,24h,2,1.822140394731029,5.119526271935637
9,2022-03-16,1.7,4.0,2.9791666666666665,0.617131630428519,2022-03-16,2022-03-16 23:00:00,24h,2,1.7449034058096284,4.213429927523705
9,2022-03-17,1.5,4.5,3.2416666666666667,0.8963290674196889,2022-03-17,2022-03-17 23:00:00,24h,2,1.449008531827289,5.0343248015060444
9,2022-03-18,1.6,4.5,2.9291666666666667,0.8477485100145468,2022-03-18,2022-03-18 23:00:00,24h,2,1.2336696466375732,4.62466368669576
9,2022-03-19,2.1,4.4,3.279166666666667,0.6852350702126061,2022-03-19,2022-03-19 23:00:00,24h,2,1.9086965262414546,4.649636807091879
9,2022-03-20,1.5,4.5,2.891666666666667,1.0721439985483239,2022-03-20,2022-03-20 23:00:00,24h,2,0.7473786695700193,5.035954663763315
9,2022-03-21,1.5,4.3,2.795833333333333,0.842088070715041,2022-03-21,2022-03-21 23:00:00,24h,2,1.111657191903251,4.480009474763415
9,2022-03-22,1.5,4.4,2.9125,0.8247858747156347,2022-03-22,2022-03-22 23:00:00,24h,2,1.2629282505687307,4.5620717494312695
9,2022-03-23,1.5,4.1,2.6875,0.8034233818073647,2022-03-23,2022-03-23 23:00:00,24h,2,1.0806532363852706,4.29434676361473
9,2022-03-24,1.5,4.5,2.795833333333333,0.9611945315784062,2022-03-24,2022-03-24 23:00:00,24h,2,0.8734442701765206,4.7182223964901455
9,2022-03-25,1.6,4.4,3.2375000000000003,0.8996678130916119,2022-03-25,2022-03-25 23:00:00,24h,2,1.4381643738167764,5.036835626183224
9,2022-03-26,1.5,4.5,3.220833333333333,1.0133796947823168,2022-03-26,2022-03-26 23:00:00,24h,2,1.1940739437686996,5.247592722897966
9,2022-03-27,1.5,4.3,3.2291666666666665,0.9191107075611856,2022-03-27,2022-03-27 23:00:00,24h,2,1.3909452515442953,5.067388081789038
9,2022-03-28,1.6,4.2,2.8333333333333335,0.8233899528733356,2022-03-28,2022-03-28 23:00:00,24h,2,1.1865534275866623,4.480113239080005
9,2022-03-29,1.6,4.1,2.5749999999999997,0.7490573786578295,2022-03-29,2022-03-29 23:00:00,24h,2,1.0768852426843407,4.0731147573156585
9,2022-03-30,1.5,4.2,2.829166666666667,0.7731804259126668,2022-03-30,2022-03-30 23:00:00,24h,2,1.2828058148413335,4.375527518492
9,2022-03-31,1.6,4.3,3.275,0.7484767139359433,2022-03-31,2022-03-31 23:00:00,24h,2,1.7780465721281133,4.771953427871886
10,2022-03-01,1.5,4.5,3.125,0.9501716092141049,2022-03-01,2022-03-01 23:00:00,24h,2,1.2246567815717901,5.02534321842821
10,2022-03-02,2.0,4.3,3.1666666666666665,0.7504587968683566,2022-03-02,2022-03-02 23:00:00,24h,2,1.6657490729299533,4.6675842604033795
10,2022-03-03,1.6,4.4,3.141666666666667,0.9282600210429547,2022-03-03,2022-03-03 23:00:00,24h,2,1.2851466245807577,4.998186708752576
10,2022-03-04,1.6,4.4,2.9499999999999997,0.8871056993048407,2022-03-04,2022-03-04 23:00:00,24h,2,1.1757886013903183,4.724211398609681
10,2022-03-05,1.6,4.3,2.720833333333333,0.8875854725120803,2022-03-05,2022-03-05 23:00:00,24h,2,0.9456623883091726,4.496004278357494
10,2022-03-06,1.6,4.5,2.766666666666667,0.8463048410933088,2022-03-06,2022-03-06 23:00:00,24h,2,1.0740569844800494,4.459276348853285
10,2022-03-07,1.7,4.3,2.841666666666667,0.8123592408730783,2022-03-07,2022-03-07 23:00:00,24h,2,1.2169481849205102,4.466385148412823
10,2022-03-08,1.5,4.3,3.045833333333333,1.000860137328265,2022-03-08,2022-03-08 23:00:00,24h,2,1.0441130586768028,5.0475536079898635
10,2022-03-09,1.7,4.3,2.8874999999999997,0.7164601994467694,2022-03-09,2022-03-09 23:00:00,24h,2,1.454579601106461,4.320420398893539
10,2022-03-10,1.5,4.5,3.0375,0.7137241581402743,2022-03-10,2022-03-10 23:00:00,24h,2,1.6100516837194514,4.464948316280549
10,2022-03-11,1.8,4.4,3.0708333333333333,0.8482612224128104,2022-03-11,2022-03-11 23:00:00,24h,2,1.3743108885077124,4.767355778158954
10,2022-03-12,1.6,4.5,2.9333333333333336,0.8333623183365017,2022-03-12,2022-03-12 23:00:00,24h,2,1.2666086966603303,4.600057970006337
10,2022-03-13,1.6,4.4,2.845833333333333,0.7740234614277399,2022-03-13,2022-03-13 23:00:00,24h,2,1.2977864104778534,4.3938802561888135
10,2022-03-14,1.5,4.5,3.0583333333333336,1.038358515059756,2022-03-14,2022-03-14 23:00:00,24h,2,0.9816163032138214,5.135050363452846
10,2022-03-15,1.7,4.3,3.025,0.8689073598491382,2022-03-15,2022-03-15 23:00:00,24h,2,1.2871852803017234,4.762814719698277
10,2022-03-16,1.5,4.5,3.0625,0.8499680300893162,2022-03-16,2022-03-16 23:00:00,24h,2,1.3625639398213676,4.762436060178633
10,2022-03-17,1.6,4.3,2.7416666666666667,0.8571523463932978,2022-03-17,2022-03-17 23:00:00,24h,2,1.027361973880071,4.455971359453263
10,2022-03-18,1.9,4.3,3.141666666666667,0.7734264061933115,2022-03-18,2022-03-18 23:00:00,24h,2,1.594813854280044,4.68851947905329
10,2022-03-19,1.5,4.4,3.1875,0.945613442485192,2022-03-19,2022-03-19 23:00:00,24h,2,1.296273115029616,5.078726884970384
10,2022-03-20,1.6,4.3,3.0541666666666667,0.8319590116715181,2022-03-20,2022-03-20 23:00:00,24h,2,1.3902486433236305,4.718084690009703
10,2022-03-21,1.6,4.3,2.8083333333333336,0.8556292709318459,2022-03-21,2022-03-21 23:00:00,24h,2,1.0970747914696417,4.519591875197025
10,2022-03-22,1.5,4.4,2.8958333333333335,0.9993385493574658,2022-03-22,2022-03-22 23:00:00,24h,2,0.8971562346184019,4.894510432048265
10,2022-03-23,1.8,4.5,3.0666666666666664,0.9827497654282477,2022-03-23,2022-03-23 23:00:00,24h,2,1.1011671358101711,5.0321661975231615
10,2022-03-24,1.5,4.4,3.1625,0.8656801799238815,2022-03-24,2022-03-24 23:00:00,24h,2,1.4311396401522372,4.893860359847763
10,2022-03-25,1.5,4.5,3.141666666666667,0.9925446728164088,2022-03-25,2022-03-25 23:00:00,24h,2,1.1565773210338495,5.126756012299484
10,2022-03-26,2.0,4.3,2.9166666666666665,0.7221144475512998,2022-03-26,2022-03-26 23:00:00,24h,2,1.4724377715640669,4.360895561769266
10,2022-03-27,1.5,4.4,3.2125,0.9076067430335675,2022-03-27,2022-03-27 23:00:00,24h,2,1.397286513932865,5.027713486067135
10,2022-03-28,1.5,4.5,3.233333333333333,0.9281429175306563,2022-03-28,2022-03-28 23:00:00,24h,2,1.3770474982720204,5.089619168394646
10,2022-03-29,1.6,4.4,3.216666666666667,0.78555804958982,2022-03-29,2022-03-29 23:00:00,24h,2,1.6455505674870268,4.787782765846307
10,2022-03-30,1.7,4.4,3.025,0.9104466175884564,2022-03-30,2022-03-30 23:00:00,24h,2,1.2041067648230872,4.845893235176913
10,2022-03-31,1.6,4.3,2.704166666666667,0.7686686212376318,2022-03-31,2022-03-31 23:00:00,24h,2,1.1668294241914035,4.24150390914193
11,2022-03-01,1.5,4.4,2.7375000000000003,0.8771557295674716,2022-03-01,2022-03-01 23:00:00,24h,2,0.9831885408650571,4.491811459134944
11,2022-03-02,1.8,4.5,3.233333333333333,0.7405442573549871,2022-03-02,2022-03-02 23:00:00,24h,2,1.7522448186233588,4.714421848043307
11,2022-03-03,1.6,4.5,3.0541666666666667,0.8397614395543052,2022-03-03,2022-03-03 23:00:00,24h,2,1.3746437875580564,4.7336895457752775
11,2022-03-04,1.5,4.3,3.033333333333333,0.8711145617599013,2022-03-04,2022-03-04 23:00:00,24h,2,1.2911042098135306,4.775562456853136
11,2022-03-05,1.7,4.4,2.8375,0.770551750371122,2022-03-05,2022-03-05 23:00:00,24h,2,1.296396499257756,4.378603500742244
11,2022-03-06,1.5,4.5,2.9375,0.9020809276334358,2022-03-06,2022-03-06 23:00:00,24h,2,1.1333381447331283,4.741661855266871
11,2022-03-07,1.5,4.5,2.8041666666666667,0.9800085033644691,2022-03-07,2022-03-07 23:00:00,24h,2,0.8441496599377285,4.764183673395605
11,2022-03-08,1.7,4.3,2.5791666666666666,0.780177887556347,2022-03-08,2022-03-08 23:00:00,24h,2,1.0188108915539726,4.139522441779361
11,2022-03-09,1.6,4.4,2.704166666666667,0.9688537228250115,2022-03-09,2022-03-09 23:00:00,24h,2,0.7664592210166441,4.64187411231669
11,2022-03-10,1.6,4.1,2.8083333333333336,0.7204567794215644,2022-03-10,2022-03-10 23:00:00,24h,2,1.3674197744902048,4.249246892176462
11,2022-03-11,1.6,4.1,2.891666666666667,0.7552233569220299,2022-03-11,2022-03-11 23:00:00,24h,2,1.3812199528226072,4.402113380510727
11,2022-03-12,2.0,4.5,3.225,0.6847722566505311,2022-03-12,2022-03-12 23:00:00,24h,2,1.855455486698938,4.594544513301062
11,2022-03-13,1.5,4.5,3.0041666666666664,1.0006429092758606,2022-03-13,2022-03-13 23:00:00,24h,2,1.0028808481149452,5.005452485218388
11,2022-03-14,1.8,4.2,3.1291666666666664,0.7641301770877996,2022-03-14,2022-03-14 23:00:00,24h,2,1.6009063124910672,4.657427020842266
11,2022-03-15,1.5,4.0,2.7708333333333335,0.7572715133474494,2022-03-15,2022-03-15 23:00:00,24h,2,1.2562903066384348,4.285376360028232
11,2022-03-16,1.5,4.4,3.220833333333333,0.9064882870135464,2022-03-16,2022-03-16 23:00:00,24h,2,1.4078567593062403,5.0338099073604265
11,2022-03-17,1.6,4.4,2.975,0.8414531943375517,2022-03-17,2022-03-17 23:00:00,24h,2,1.2920936113248966,4.657906388675103
11,2022-03-18,1.7,4.5,3.0124999999999997,0.8867686821557095,2022-03-18,2022-03-18 23:00:00,24h,2,1.2389626356885808,4.786037364311419
11,2022-03-19,1.6,4.2,2.7916666666666665,0.699015871354719,2022-03-19,2022-03-19 23:00:00,24h,2,1.3936349239572285,4.1896984093761045
11,2022-03-20,2.1,4.5,3.3541666666666665,0.7779455478131607,2022-03-20,2022-03-20 23:00:00,24h,2,1.798275571040345,4.910057762292988
11,2022-03-21,1.5,4.5,3.0375,0.9426200765396694,2022-03-21,2022-03-21 23:00:00,24h,2,1.1522598469206613,4.922740153079339
11,2022-03-22,1.5,4.5,2.5541666666666667,0.8807008901840706,2022-03-22,2022-03-22 23:00:00,24h,2,0.7927648862985255,4.315568447034808
11,2022-03-23,1.7,4.5,3.016666666666667,0.7949113522720724,2022-03-23,2022-03-23 23:00:00,24h,2,1.4268439621225222,4.606489371210812
11,2022-03-24,1.8,4.3,3.154166666666667,0.8272422318432054,2022-03-24,2022-03-24 23:00:00,24h,2,1.499682202980256,4.808651130353078
11,2022-03-25,1.5,4.2,2.7416666666666667,0.9810893088216067,2022-03-25,2022-03-25 23:00:00,24h,2,0.7794880490234533,4.70384528430988
11,2022-03-26,1.6,4.5,3.3541666666666665,0.9735542979282115,2022-03-26,2022-03-26 23:00:00,24h,2,1.4070580708102436,5.30127526252309
11,2022-03-27,1.6,4.3,2.9458333333333333,0.9636791666482595,2022-03-27,2022-03-27 23:00:00,24h,2,1.0184750000368143,4.873191666629852
11,2022-03-28,1.6,4.4,3.0208333333333335,0.8010749119107112,2022-03-28,2022-03-28 23:00:00,24h,2,1.418683509511911,4.622983157154756
11,2022-03-29,1.5,4.4,2.7541666666666664,0.9541575690978229,2022-03-29,2022-03-29 23:00:00,24h,2,0.8458515284710206,4.6624818048623125
11,2022-03-30,1.7,4.3,3.1625,0.949513605461513,2022-03-30,2022-03-30 23:00:00,24h,2,1.2634727890769741,5.0615272109230265
11,2022-03-31,1.5,4.3,2.8874999999999997,0.9483681636964851,2022-03-31,2022-03-31 23:00:00,24h,2,0.9907636726070295,4.78423632739297
12,2022-03-01,1.6,4.5,3.158333333333333,1.0099146182880434,2022-03-01,2022-03-01 23:00:00,24h,2,1.1385040967572464,5.17816256990942
12,2022-03-02,1.6,4.4,2.983333333333333,0.8671124828827078,2022-03-02,2022-03-02 23:00:00,24h,2,1.2491083675679173,4.717558299098749
12,2022-03-03,1.7,4.2,2.670833333333333,0.7357215722568273,2022-03-03,2022-03-03 23:00:00,24h,2,1.1993901888196783,4.142276477846988
12,2022-03-04,1.6,4.2,2.733333333333333,0.8057762482965359,2022-03-04,2022-03-04 23:00:00,24h,2,1.121780836740261,4.344885829926405
12,2022-03-05,1.6,4.5,3.283333333333333,0.7393691004272944,2022-03-05,2022-03-05 23:00:00,24h,2,1.8045951324787444,4.762071534187922
12,2022-03-06,1.7,4.2,2.9499999999999997,0.8875956776351053,2022-03-06,2022-03-06 23:00:00,24h,2,1.1748086447297892,4.72519135527021
12,2022-03-07,1.6,4.3,3.0,0.8880853856324361,2022-03-07,2022-03-07 23:00:00,24h,2,1.2238292287351278,4.776170771264872
12,2022-03-08,1.7,4.2,3.3708333333333336,0.8405376988502096,2022-03-08,2022-03-08 23:00:00,24h,2,1.6897579356329144,5.051908731033753
12,2022-03-09,1.6,4.2,2.8958333333333335,0.7321672217326518,2022-03-09,2022-03-09 23:00:00,24h,2,1.4314988898680299,4.360167776798637
12,2022-03-10,1.6,4.5,3.341666666666667,0.9230934130819927,2022-03-10,2022-03-10 23:00:00,24h,2,1.4954798405026815,5.187853492830652
12,2022-03-11,1.6,4.4,2.904166666666667,0.7948087911521573,2022-03-11,2022-03-11 23:00:00,24h,2,1.3145490843623522,4.493784248970981
12,2022-03-12,1.6,4.2,2.6374999999999997,0.8565920849505908,2022-03-12,2022-03-12 23:00:00,24h,2,0.9243158300988181,4.350684169901181
12,2022-03-13,1.7,4.5,2.891666666666667,0.8510436900176398,2022-03-13,2022-03-13 23:00:00,24h,2,1.1895792866313875,4.593754046701947
12,2022-03-14,1.8,4.4,3.016666666666667,0.9058585486404195,2022-03-14,2022-03-14 23:00:00,24h,2,1.204949569385828,4.828383763947506
12,2022-03-15,1.5,4.3,2.8625000000000003,0.798265783351363,2022-03-15,2022-03-15 23:00:00,24h,2,1.2659684332972743,4.459031566702726
12,2022-03-16,1.6,4.3,3.1833333333333336,0.8427009716003843,2022-03-16,2022-03-16 23:00:00,24h,2,1.497931390132565,4.868735276534102
12,2022-03-17,1.7,4.4,3.025,0.7908443479020987,2022-03-17,2022-03-17 23:00:00,24h,2,1.4433113041958026,4.6066886958041975
12,2022-03-18,1.8,4.4,3.0541666666666667,0.8282927263834388,2022-03-18,2022-03-18 23:00:00,24h,2,1.3975812138997892,4.710752119433544
12,2022-03-19,1.6,4.5,3.3874999999999997,0.8289923165322854,2022-03-19,2022-03-19 23:00:00,24h,2,1.7295153669354288,5.045484633064571
12,2022-03-20,1.6,4.4,3.1166666666666667,0.8175608828102341,2022-03-20,2022-03-20 23:00:00,24h,2,1.4815449010461985,4.751788432287135
12,2022-03-21,1.5,4.5,3.1833333333333336,0.9068179754392335,2022-03-21,2022-03-21 23:00:00,24h,2,1.3696973824548666,4.996969284211801
12,2022-03-22,1.6,4.4,3.1999999999999997,0.8816979666233931,2022-03-22,2022-03-22 23:00:00,24h,2,1.4366040667532136,4.963395933246786
12,2022-03-23,1.5,4.4,3.0041666666666664,0.9195836329399381,2022-03-23,2022-03-23 23:00:00,24h,2,1.1649994007867903,4.8433339325465425
12,2022-03-24,1.6,4.4,3.170833333333333,0.8280302276916071,2022-03-24,2022-03-24 23:00:00,24h,2,1.5147728779501188,4.826893788716547
12,2022-03-25,1.7,4.5,3.2291666666666665,1.0272289303569673,2022-03-25,2022-03-25 23:00:00,24h,2,1.174708805952732,5.283624527380601
12,2022-03-26,1.6,4.5,3.0208333333333335,0.876742571244196,2022-03-26,2022-03-26 23:00:00,24h,2,1.2673481908449415,4.774318475821725
12,2022-03-27,1.5,4.3,2.858333333333333,0.8821498771734321,2022-03-27,2022-03-27 23:00:00,24h,2,1.0940335789864688,4.622633087680197
12,2022-03-28,1.7,4.4,3.0375,0.7784111465308537,2022-03-28,2022-03-28 23:00:00,24h,2,1.4806777069382926,4.594322293061707
12,2022-03-29,1.7,4.3,3.1916666666666664,0.8515544184232925,2022-03-29,2022-03-29 23:00:00,24h,2,1.4885578298200814,4.894775503513252
12,2022-03-30,1.8,4.5,3.2416666666666667,0.8366167200288817,2022-03-30,2022-03-30 23:00:00,24h,2,1.5684332266089034,4.91490010672443
12,2022-03-31,1.6,4.4,2.983333333333333,0.95810803905027,2022-03-31,2022-03-31 23:00:00,24h,2,1.067117255232793,4.899549411433873
13,2022-03-01,1.8,4.3,3.033333333333333,0.7960045153174679,2022-03-01,2022-03-01 23:00:00,24h,2,1.4413243026983975,4.625342363968269
13,2022-03-02,1.8,4.5,3.341666666666667,0.8667363405661326,2022-03-02,2022-03-02 23:00:00,24h,2,1.6081939855344016,5.075139347798932
13,2022-03-03,1.6,4.4,2.9458333333333333,0.9193472006605115,2022-03-03,2022-03-03 23:00:00,24h,2,1.1071389320123104,4.784527734654356
13,2022-03-04,1.6,4.5,3.1999999999999997,0.9217186215930023,2022-03-04,2022-03-04 23:00:00,24h,2,1.356562756813995,5.043437243186005
13,2022-03-05,1.7,4.5,2.904166666666667,0.8099807655615718,2022-03-05,2022-03-05 23:00:00,24h,2,1.2842051355435231,4.5241281977898105
13,2022-03-06,1.6,4.1,2.9166666666666665,0.8180925145231683,2022-03-06,2022-03-06 23:00:00,24h,2,1.2804816376203298,4.552851695713003
13,2022-03-07,1.7,4.4,2.904166666666667,0.8599692444787055,2022-03-07,2022-03-07 23:00:00,24h,2,1.1842281777092558,4.624105155624077
13,2022-03-08,1.5,4.5,3.0749999999999997,0.895034611912712,2022-03-08,2022-03-08 23:00:00,24h,2,1.2849307761745756,4.865069223825424
13,2022-03-09,1.5,4.5,3.0041666666666664,0.9949783334615738,2022-03-09,2022-03-09 23:00:00,24h,2,1.0142099997435188,4.994123333589814
13,2022-03-10,1.5,4.0,2.8958333333333335,0.7480288105743492,2022-03-10,2022-03-10 23:00:00,24h,2,1.399775712184635,4.391890954482032
13,2022-03-11,1.5,4.5,3.1041666666666665,0.9415432136595779,2022-03-11,2022-03-11 23:00:00,24h,2,1.2210802393475106,4.987253093985823
13,2022-03-12,1.6,4.5,3.0375,0.9981776874145073,2022-03-12,2022-03-12 23:00:00,24h,2,1.0411446251709855,5.033855374829015
13,2022-03-13,1.6,4.3,3.0875,0.8818520530555343,2022-03-13,2022-03-13 23:00:00,24h,2,1.3237958938889314,4.8512041061110684
13,2022-03-14,1.6,4.4,3.329166666666667,0.7601368107219205,2022-03-14,2022-03-14 23:00:00,24h,2,1.808893045222826,4.849440288110508
13,2022-03-15,1.6,4.5,3.170833333333333,0.9406192070937225,2022-03-15,2022-03-15 23:00:00,24h,2,1.289594919145888,5.0520717475207775
13,2022-03-16,1.7,4.4,3.0833333333333335,0.9328155913878324,2022-03-16,2022-03-16 23:00:00,24h,2,1.2177021505576686,4.948964516108998
13,2022-03-17,1.6,4.4,2.9250000000000003,0.938662322947789,2022-03-17,2022-03-17 23:00:00,24h,2,1.0476753541044224,4.802324645895578
13,2022-03-18,1.6,4.5,2.904166666666667,0.8629973886134439,2022-03-18,2022-03-18 23:00:00,24h,2,1.178171889439779,4.630161443893554
13,2022-03-19,1.7,4.5,3.0583333333333336,0.8821498771734322,2022-03-19,2022-03-19 23:00:00,24h,2,1.2940335789864692,4.822633087680198
13,2022-03-20,1.6,4.5,3.1291666666666664,0.9359854916502233,2022-03-20,2022-03-20 23:00:00,24h,2,1.25719568336622,5.001137649967113
13,2022-03-21,1.5,4.5,3.0375,0.868688416647414,2022-03-21,2022-03-21 23:00:00,24h,2,1.300123166705172,4.774876833294828
13,2022-03-22,1.6,4.4,3.0416666666666665,0.7983225166433112,2022-03-22,2022-03-22 23:00:00,24h,2,1.445021633380044,4.638311699953289
13,2022-03-23,1.6,4.4,3.266666666666666,0.9253279872877351,2022-03-23,2022-03-23 23:00:00,24h,2,1.416010692091196,5.117322641242136
13,2022-03-24,1.6,4.0,2.6625,0.7977209384566596,2022-03-24,2022-03-24 23:00:00,24h,2,1.067058123086681,4.2579418769133195
13,2022-03-25,1.5,4.4,2.9416666666666664,0.7934057937922993,2022-03-25,2022-03-25 23:00:00,24h,2,1.354855079082068,4.528478254251265
13,2022-03-26,1.6,4.4,2.9416666666666664,0.8053714598902775,2022-03-26,2022-03-26 23:00:00,24h,2,1.3309237468861115,4.552409586447221
13,2022-03-27,1.5,4.5,2.970833333333333,0.9091224467520347,2022-03-27,2022-03-27 23:00:00,24h,2,1.1525884398292638,4.789078226837402
13,2022-03-28,1.6,4.4,2.9458333333333333,0.8997483545132358,2022-03-28,2022-03-28 23:00:00,24h,2,1.1463366243068618,4.745330042359805
13,2022-03-29,1.7,4.5,2.8041666666666667,0.9024021886858029,2022-03-29,2022-03-29 23:00:00,24h,2,0.9993622892950609,4.608971044038272
13,2022-03-30,1.7,4.5,3.0041666666666664,0.8779814629451821,2022-03-30,2022-03-30 23:00:00,24h,2,1.2482037407763023,4.76012959255703
13,2022-03-31,1.6,4.5,3.3041666666666667,0.9901599197436072,2022-03-31,2022-03-31 23:00:00,24h,2,1.3238468271794523,5.284486506153881
14,2022-03-01,1.6,4.5,2.983333333333333,0.8544851827482042,2022-03-01,2022-03-01 23:00:00,24h,2,1.2743629678369246,4.6923036988297415
14,2022-03-02,1.8,4.4,2.9333333333333336,0.752772652709081,2022-03-02,2022-03-02 23:00:00,24h,2,1.4277880279151716,4.438878638751495
14,2022-03-03,1.6,4.3,2.8708333333333336,0.7720549466065936,2022-03-03,2022-03-03 23:00:00,24h,2,1.3267234401201464,4.414943226546521
14,2022-03-04,1.5,4.4,2.908333333333333,0.849509662491644,2022-03-04,2022-03-04 23:00:00,24h,2,1.2093140083500453,4.607352658316621
14,2022-03-05,1.5,4.3,2.8083333333333336,0.791210776439264,2022-03-05,2022-03-05 23:00:00,24h,2,1.2259117804548056,4.3907548862118615
14,2022-03-06,1.7,4.5,2.9375,0.9011164572713213,2022-03-06,2022-03-06 23:00:00,24h,2,1.1352670854573574,4.739732914542643
14,2022-03-07,1.8,4.4,3.1,0.7604346583140574,2022-03-07,2022-03-07 23:00:00,24h,2,1.5791306833718852,4.620869316628115
14,2022-03-08,1.5,4.4,3.1791666666666667,0.9103172722913061,2022-03-08,2022-03-08 23:00:00,24h,2,1.3585321220840545,4.999801211249279
14,2022-03-09,1.9,4.3,3.1625,0.7716794220625445,2022-03-09,2022-03-09 23:00:00,24h,2,1.6191411558749111,4.705858844125089
14,2022-03-10,1.6,4.1,2.858333333333333,0.8037502676538423,2022-03-10,2022-03-10 23:00:00,24h,2,1.2508327980256484,4.465833868641018
14,2022-03-11,1.6,4.4,2.9250000000000003,1.033882509513659,2022-03-11,2022-03-11 23:00:00,24h,2,0.8572349809726822,4.992765019027319
14,2022-03-12,1.6,4.2,3.095833333333333,0.845180282629054,2022-03-12,2022-03-12 23:00:00,24h,2,1.4054727680752253,4.786193898591441
14,2022-03-13,1.6,4.4,3.0833333333333335,0.8825194500463687,2022-03-13,2022-03-13 23:00:00,24h,2,1.3182944332405961,4.848372233426071
14,2022-03-14,1.7,4.5,2.725,0.8598533747604626,2022-03-14,2022-03-14 23:00:00,24h,2,1.0052932504790748,4.444706749520925
14,2022-03-15,1.8,4.5,3.1791666666666667,0.8464653703421101,2022-03-15,2022-03-15 23:00:00,24h,2,1.4862359259824465,4.872097407350887
14,2022-03-16,1.6,4.5,3.25,0.926892892832073,2022-03-16,2022-03-16 23:00:00,24h,2,1.396214214335854,5.1037857856641455
14,2022-03-17,1.5,4.4,2.829166666666667,0.8078307865575222,2022-03-17,2022-03-17 23:00:00,24h,2,1.2135050935516227,4.444828239781711
14,2022-03-18,1.6,4.5,3.1,0.8692825627568077,2022-03-18,2022-03-18 23:00:00,24h,2,1.3614348744863847,4.8385651255136155
14,2022-03-19,1.5,4.5,3.125,0.840936331147298,2022-03-19,2022-03-19 23:00:00,24h,2,1.443127337705404,4.806872662294596
14,2022-03-20,1.6,4.4,3.1875,0.8205578696175574,2022-03-20,2022-03-20 23:00:00,24h,2,1.5463842607648852,4.828615739235115
14,2022-03-21,1.6,4.5,3.329166666666667,0.9396942919475677,2022-03-21,2022-03-21 23:00:00,24h,2,1.4497780827715316,5.208555250561803
14,2022-03-22,1.9,4.5,2.841666666666667,0.7412777843853061,2022-03-22,2022-03-22 23:00:00,24h,2,1.3591110978960546,4.324222235437279
14,2022-03-23,1.5,4.5,2.9625000000000004,1.0420767308809262,2022-03-23,2022-03-23 23:00:00,24h,2,0.8783465382381479,5.046653461761853
14,2022-03-24,1.7,4.4,3.275,0.9354143466934854,2022-03-24,2022-03-24 23:00:00,24h,2,1.404171306613029,5.145828693386971
14,2022-03-25,1.5,4.4,2.904166666666667,1.0092955643575792,2022-03-25,2022-03-25 23:00:00,24h,2,0.8855755379515085,4.922757795381825
14,2022-03-26,1.7,4.4,3.0124999999999997,0.794717614600634,2022-03-26,2022-03-26 23:00:00,24h,2,1.4230647707987318,4.601935229201268
14,2022-03-27,1.6,4.0,2.966666666666667,0.6098229726494522,2022-03-27,2022-03-27 23:00:00,24h,2,1.7470207213677624,4.186312611965571
14,2022-03-28,1.5,4.2,2.9416666666666664,0.8702406796856317,2022-03-28,2022-03-28 23:00:00,24h,2,1.201185307295403,4.68214802603793
14,2022-03-29,1.6,4.5,2.8833333333333333,0.8760914517811813,2022-03-29,2022-03-29 23:00:00,24h,2,1.1311504297709707,4.635516236895696
14,2022-03-30,1.5,4.4,2.8874999999999997,0.9483681636964854,2022-03-30,2022-03-30 23:00:00,24h,2,0.990763672607029,4.7842363273929704
14,2022-03-31,1.6,4.3,3.3041666666666667,0.8492857186389383,2022-03-31,2022-03-31 23:00:00,24h,2,1.60559522938879,5.0027381039445435
15,2022-03-01,2.0,4.5,3.3708333333333336,0.8970866695886318,2022-03-01,2022-03-01 23:00:00,24h,2,1.57665999415607,5.165006672510597
15,2022-03-02,1.8,3.9,2.9958333333333336,0.6906072732002623,2022-03-02,2022-03-02 23:00:00,24h,2,1.614618786932809,4.377047879733858
15,2022-03-03,1.6,4.4,2.970833333333333,0.919583632939938,2022-03-03,2022-03-03 23:00:00,24h,2,1.1316660674534573,4.810000599213209
15,2022-03-04,1.6,4.2,3.1041666666666665,0.8829196460886322,2022-03-04,2022-03-04 23:00:00,24h,2,1.3383273744894022,4.870005958843931
15,2022-03-05,1.6,4.5,3.170833333333333,0.8755019264332923,2022-03-05,2022-03-05 23:00:00,24h,2,1.4198294804667484,4.921837186199918
15,2022-03-06,1.5,4.5,3.1041666666666665,0.9630021746630675,2022-03-06,2022-03-06 23:00:00,24h,2,1.1781623173405316,5.030171015992801
15,2022-03-07,1.5,4.4,3.045833333333334,0.9541575690978231,2022-03-07,2022-03-07 23:00:00,24h,2,1.1375181951376876,4.95414847152898
15,2022-03-08,1.5,4.4,2.85,0.8225094158308676,2022-03-08,2022-03-08 23:00:00,24h,2,1.204981168338265,4.495018831661735
15,2022-03-09,1.5,4.5,3.0041666666666664,0.8829196460886319,2022-03-09,2022-03-09 23:00:00,24h,2,1.2383273744894026,4.77000595884393
15,2022-03-10,1.5,4.0,2.966666666666667,0.8519372637989697,2022-03-10,2022-03-10 23:00:00,24h,2,1.2627921390687273,4.670541194264606
15,2022-03-11,1.7,4.0,2.970833333333333,0.7357215722568273,2022-03-11,2022-03-11 23:00:00,24h,2,1.4993901888196786,4.442276477846988
15,2022-03-12,1.5,4.4,3.0375,0.8515012318406162,2022-03-12,2022-03-12 23:00:00,24h,2,1.3344975363187677,4.740502463681232
15,2022-03-13,1.6,4.4,3.079166666666667,0.8080998467509077,2022-03-13,2022-03-13 23:00:00,24h,2,1.4629669731648516,4.6953663601684825
15,2022-03-14,1.6,4.1,2.6625,0.8020693345286953,2022-03-14,2022-03-14 23:00:00,24h,2,1.0583613309426094,4.266638669057391
15,2022-03-15,1.6,4.5,3.1666666666666665,0.9229756540510777,2022-03-15,2022-03-15 23:00:00,24h,2,1.320715358564511,5.012617974768822
15,2022-03-16,1.5,4.4,3.029166666666667,0.8290797237936752,2022-03-16,2022-03-16 23:00:00,24h,2,1.3710072190793163,4.6873261142540175
15,2022-03-17,1.5,4.4,3.095833333333333,0.8013462404612935,2022-03-17,2022-03-17 23:00:00,24h,2,1.4931408524107461,4.6985258142559205
15,2022-03-18,1.7,4.4,3.295833333333333,0.8322202711482972,2022-03-18,2022-03-18 23:00:00,24h,2,1.6313927910367385,4.960273875629928
15,2022-03-19,1.5,4.3,2.7125,0.7176728696461132,2022-03-19,2022-03-19 23:00:00,24h,2,1.2771542607077735,4.147845739292226
15,2022-03-20,1.6,4.5,2.9625,0.9300829790003078,2022-03-20,2022-03-20 23:00:00,24h,2,1.1023340419993843,4.8226659580006155
15,2022-03-21,1.5,4.3,3.0541666666666667,0.8464653703421101,2022-03-21,2022-03-21 23:00:00,24h,2,1.3612359259824465,4.747097407350887
15,2022-03-22,1.6,4.5,2.9958333333333336,0.7285955320171558,2022-03-22,2022-03-22 23:00:00,24h,2,1.538642269299022,4.4530243973676455
15,2022-03-23,1.6,4.4,3.141666666666667,0.8677390244150331,2022-03-23,2022-03-23 23:00:00,24h,2,1.4061886178366008,4.877144715496733
15,2022-03-24,1.8,4.4,2.954166666666667,0.9036059003727266,2022-03-24,2022-03-24 23:00:00,24h,2,1.1469548659212139,4.76137846741212
15,2022-03-25,1.6,4.4,3.2125,0.9133371680867343,2022-03-25,2022-03-25 23:00:00,24h,2,1.3858256638265314,5.039174336173469
15,2022-03-26,1.7,4.5,3.141666666666667,0.9779822469566198,2022-03-26,2022-03-26 23:00:00,24h,2,1.1857021727534274,5.0976311605799065
15,2022-03-27,1.6,4.5,2.9916666666666667,0.7884584115009914,2022-03-27,2022-03-27 23:00:00,24h,2,1.414749843664684,4.568583489668649
15,2022-03-28,1.7,4.3,3.1166666666666667,0.8726106092423578,2022-03-28,2022-03-28 23:00:00,24h,2,1.3714454481819511,4.861887885151383
15,2022-03-29,1.6,4.5,3.2083333333333335,0.8551209762705922,2022-03-29,2022-03-29 23:00:00,24h,2,1.498091380792149,4.9185752858745175
15,2022-03-30,1.5,4.3,2.8000000000000003,0.9550779617620114,2022-03-30,2022-03-30 23:00:00,24h,2,0.8898440764759774,4.710155923524023
15,2022-03-31,1.7,4.4,2.9166666666666665,0.8207455076976036,2022-03-31,2022-03-31 23:00:00,24h,2,1.2751756512714594,4.558157682061873
